{
  "lightgbm_available": true,
  "lightgbm_became_final": true,
  "final_selected_model": "lightgbm",
  "selection_reason": "LightGBM showed meaningful improvement over HistGradientBoosting.",
  "hist_gradient_boosting": {
    "calibrated_metrics_threshold_0_5": {
      "accuracy": 0.8923232835064606,
      "precision_low_rating": 0.7654320987654321,
      "recall_low_rating": 0.38496033114867195,
      "f1_low_rating": 0.5122790911177416,
      "roc_auc": 0.7969806278387506,
      "pr_auc_average_precision": 0.5555697789632337,
      "brier_score": 0.08848659016977317,
      "confusion_matrix": [
        [
          16494,
          342
        ],
        [
          1783,
          1116
        ]
      ],
      "classification_report": "              precision    recall  f1-score   support\n\n           0       0.90      0.98      0.94     16836\n           1       0.77      0.38      0.51      2899\n\n    accuracy                           0.89     19735\n   macro avg       0.83      0.68      0.73     19735\nweighted avg       0.88      0.89      0.88     19735\n"
    },
    "threshold_analysis": [
      {
        "threshold": 0.3,
        "precision_low_rating": 0.6881993896236012,
        "recall_low_rating": 0.46671265953777163,
        "f1_low_rating": 0.5562178828365879,
        "predicted_positive_rate": 0.09961996453002281,
        "confusion_matrix": [
          [
            16223,
            613
          ],
          [
            1546,
            1353
          ]
        ]
      },
      {
        "threshold": 0.35,
        "precision_low_rating": 0.7125683060109289,
        "recall_low_rating": 0.44981027940669194,
        "f1_low_rating": 0.5514908014379362,
        "predicted_positive_rate": 0.09272865467443628,
        "confusion_matrix": [
          [
            16310,
            526
          ],
          [
            1595,
            1304
          ]
        ]
      },
      {
        "threshold": 0.4,
        "precision_low_rating": 0.7269076305220884,
        "recall_low_rating": 0.43704725767506036,
        "f1_low_rating": 0.5458853942266264,
        "predicted_positive_rate": 0.08832024322270078,
        "confusion_matrix": [
          [
            16360,
            476
          ],
          [
            1632,
            1267
          ]
        ]
      },
      {
        "threshold": 0.45,
        "precision_low_rating": 0.7501589319771138,
        "recall_low_rating": 0.4070369092790617,
        "f1_low_rating": 0.5277280858676208,
        "predicted_positive_rate": 0.07970610590321764,
        "confusion_matrix": [
          [
            16443,
            393
          ],
          [
            1719,
            1180
          ]
        ]
      },
      {
        "threshold": 0.5,
        "precision_low_rating": 0.7654320987654321,
        "recall_low_rating": 0.38496033114867195,
        "f1_low_rating": 0.5122790911177416,
        "predicted_positive_rate": 0.07387889536356726,
        "confusion_matrix": [
          [
            16494,
            342
          ],
          [
            1783,
            1116
          ]
        ]
      }
    ],
    "selected_threshold": 0.3,
    "selected_threshold_metrics": {
      "threshold": 0.3,
      "precision_low_rating": 0.6881993896236012,
      "recall_low_rating": 0.46671265953777163,
      "f1_low_rating": 0.5562178828365879,
      "predicted_positive_rate": 0.09961996453002281,
      "confusion_matrix": [
        [
          16223,
          613
        ],
        [
          1546,
          1353
        ]
      ]
    },
    "calibrated_metrics_at_selected_threshold": {
      "accuracy": 0.890600456042564,
      "precision_low_rating": 0.6881993896236012,
      "recall_low_rating": 0.46671265953777163,
      "f1_low_rating": 0.5562178828365879,
      "roc_auc": 0.7969806278387506,
      "pr_auc_average_precision": 0.5555697789632337,
      "brier_score": 0.08848659016977317,
      "confusion_matrix": [
        [
          16223,
          613
        ],
        [
          1546,
          1353
        ]
      ],
      "classification_report": "              precision    recall  f1-score   support\n\n           0       0.91      0.96      0.94     16836\n           1       0.69      0.47      0.56      2899\n\n    accuracy                           0.89     19735\n   macro avg       0.80      0.72      0.75     19735\nweighted avg       0.88      0.89      0.88     19735\n"
    }
  },
  "lightgbm": {
    "calibrated_metrics_threshold_0_5": {
      "accuracy": 0.8939447681783633,
      "precision_low_rating": 0.736780258519389,
      "recall_low_rating": 0.4325629527423249,
      "f1_low_rating": 0.5450988915453162,
      "roc_auc": 0.7990498562886686,
      "pr_auc_average_precision": 0.560975729368446,
      "brier_score": 0.088893014986181,
      "confusion_matrix": [
        [
          16388,
          448
        ],
        [
          1645,
          1254
        ]
      ],
      "classification_report": "              precision    recall  f1-score   support\n\n           0       0.91      0.97      0.94     16836\n           1       0.74      0.43      0.55      2899\n\n    accuracy                           0.89     19735\n   macro avg       0.82      0.70      0.74     19735\nweighted avg       0.88      0.89      0.88     19735\n"
    },
    "threshold_analysis": [
      {
        "threshold": 0.3,
        "precision_low_rating": 0.6038273615635179,
        "recall_low_rating": 0.5115557088651259,
        "f1_low_rating": 0.553874883286648,
        "predicted_positive_rate": 0.12444894856853306,
        "confusion_matrix": [
          [
            15863,
            973
          ],
          [
            1416,
            1483
          ]
        ]
      },
      {
        "threshold": 0.35,
        "precision_low_rating": 0.6585480093676815,
        "recall_low_rating": 0.4849948258020007,
        "f1_low_rating": 0.5586015097338101,
        "predicted_positive_rate": 0.10818343045350899,
        "confusion_matrix": [
          [
            16107,
            729
          ],
          [
            1493,
            1406
          ]
        ]
      },
      {
        "threshold": 0.4,
        "precision_low_rating": 0.6964193046185781,
        "recall_low_rating": 0.4629182476716109,
        "f1_low_rating": 0.5561541649399089,
        "predicted_positive_rate": 0.09764378008614137,
        "confusion_matrix": [
          [
            16251,
            585
          ],
          [
            1557,
            1342
          ]
        ]
      },
      {
        "threshold": 0.45,
        "precision_low_rating": 0.7144438295517432,
        "recall_low_rating": 0.44532597447395655,
        "f1_low_rating": 0.5486612834679133,
        "predicted_positive_rate": 0.09156321256650621,
        "confusion_matrix": [
          [
            16320,
            516
          ],
          [
            1608,
            1291
          ]
        ]
      },
      {
        "threshold": 0.5,
        "precision_low_rating": 0.736780258519389,
        "recall_low_rating": 0.4325629527423249,
        "f1_low_rating": 0.5450988915453162,
        "predicted_positive_rate": 0.08624271598682544,
        "confusion_matrix": [
          [
            16388,
            448
          ],
          [
            1645,
            1254
          ]
        ]
      }
    ],
    "selected_threshold": 0.3,
    "selected_threshold_metrics": {
      "threshold": 0.3,
      "precision_low_rating": 0.6038273615635179,
      "recall_low_rating": 0.5115557088651259,
      "f1_low_rating": 0.553874883286648,
      "predicted_positive_rate": 0.12444894856853306,
      "confusion_matrix": [
        [
          15863,
          973
        ],
        [
          1416,
          1483
        ]
      ]
    },
    "calibrated_metrics_at_selected_threshold": {
      "accuracy": 0.8789460349632633,
      "precision_low_rating": 0.6038273615635179,